,,,Горизонтальный,Горизонтальный,Горизонтальный,Горизонтальный,Горизонтальный,Горизонтальный,Горизонтальный,Горизонтальный,Горизонтальный,Горизонтальный,Горизонтальный,Горизонтальный,Горизонтальный,Горизонтальный,Горизонтальный,Горизонтальный,Горизонтальный,Горизонтальный,Горизонтальный,Горизонтальный,Горизонтальный,Горизонтальный,Горизонтальный,Горизонтальный,Горизонтальный,Горизонтальный,Горизонтальный,Горизонтальный,Горизонтальный,Горизонтальный,Горизонтальный,Горизонтальный,Горизонтальный,Горизонтальный,Горизонтальный,Горизонтальный,Горизонтальный,Горизонтальный,Горизонтальный,Горизонтальный,Горизонтальный,Горизонтальный,Горизонтальный,Горизонтальный,Горизонтальный,Горизонтальный,Горизонтальный,Горизонтальный,Горизонтальный,Горизонтальный,Горизонтальный,Горизонтальный,Горизонтальный,Горизонтальный,Горизонтальный,Горизонтальный,Горизонтальный,Горизонтальный,Горизонтальный,Горизонтальный,Горизонтальный,Горизонтальный,Горизонтальный,Горизонтальный,Горизонтальный,Горизонтальный,Горизонтальный,Горизонтальный,Горизонтальный,Горизонтальный,Горизонтальный,Горизонтальный,Горизонтальный,Горизонтальный,Горизонтальный,Горизонтальный,Горизонтальный,Горизонтальный,Горизонтальный,Горизонтальный,Горизонтальный,Горизонтальный,Горизонтальный,Горизонтальный,Горизонтальный,Горизонтальный,Горизонтальный,Горизонтальный,Вертикальный,Вертикальный,Вертикальный,Вертикальный,Вертикальный,Вертикальный,Вертикальный,Карусельный,Карусельный,Карусельный,Карусельный,Карусельный,Карусельный,Карусельный,Горизонтальный,Горизонтальный,Горизонтальный,Горизонтальный,Горизонтальный,Горизонтальный,Горизонтальный,Горизонтальный,Горизонтальный,Горизонтальный,Горизонтальный,Горизонтальный,Горизонтальный,Горизонтальный,Горизонтальный,Горизонтальный,Горизонтальный,Горизонтальный,Горизонтальный,Горизонтальный,Горизонтальный,Многоцелевой,Горизонтальный,Горизонтальный,Горизонтальный,Горизонтальный,Горизонтальный,Горизонтальный,Горизонтальный,Горизонтальный,Горизонтальный,Горизонтальный,Горизонтальный,Горизонтальный,Горизонтальный,Горизонтальный,Горизонтальный,Горизонтальный,Горизонтальный,Горизонтальный,Горизонтальный,Горизонтальный,Горизонтальный,Горизонтальный,Горизонтальный,Горизонтальный,Горизонтальный,Горизонтальный,Горизонтальный,Горизонтальный,Горизонтальный,Горизонтальный,Горизонтальный,Горизонтальный,Горизонтальный,Горизонтальный,Горизонтальный,Горизонтальный,Горизонтальный,Горизонтальный,Горизонтальный,Горизонтальный,Горизонтальный,Горизонтальный,Горизонтальный,Горизонтальный,Горизонтальный,Горизонтальный,Горизонтальный,Горизонтальный,Горизонтальный,Горизонтальный,Горизонтальный,Горизонтальный,Горизонтальный,Горизонтальный,Горизонтальный,Горизонтальный,Горизонтальный,Горизонтальный,Горизонтальный,Горизонтальный,Горизонтальный,Горизонтальный,Горизонтальный,Горизонтальный,Горизонтальный,Горизонтальный,Специальный (2 револьверные головки),Специальный (2 револьверные головки),Специальный (2 револьверные головки),Специальный (2 револьверные головки),Специальный (2 револьверные головки),Специальный (2 револьверные головки),Специальный (2 револьверные головки),Специальный (2 револьверные головки),Специальный (2 револьверные головки),Вертикальный,Вертикальный,Вертикальный,Вертикальный,Вертикальный,Вертикальный,Вертикальный,Вертикальный,Вертикальный,Вертикальный,Вертикальный,Вертикальный,Вертикальный,Горизонтальный,Горизонтальный,Горизонтальный,Горизонтальный,Горизонтальный,Горизонтальный,Горизонтальный,Горизонтальный,Горизонтальный,Горизонтальный,Горизонтальный,Горизонтальный,Горизонтальный,Горизонтальный,Горизонтальный,Горизонтальный,Горизонтальный,Горизонтальный,Горизонтальный,Горизонтальный,Горизонтальный,Горизонтальный,Горизонтальный,Горизонтальный,Горизонтальный,Горизонтальный,Горизонтальный,Многоцелевой,Многоцелевой,Многоцелевой,Многоцелевой,Многоцелевой,Многоцелевой
,,,LGNCL,LGNCL,LGNCL,LGNCL,LGNCL,LGNCL,LGNCL,LGNCL,LGNCL,LGNCL,LGNCL,LGNCL,LGNCL,LGNCL,LGNCL,LGNCL,LGNCL,LGNCL,NEWAY,NEWAY,NEWAY,NEWAY,NEWAY,NEWAY,NEWAY,NEWAY,NEWAY,NEWAY,NEWAY,NEWAY,NEWAY,NEWAY,NEWAY,NEWAY,NEWAY,NEWAY,NEWAY,NEWAY,NEWAY,NEWAY,NEWAY,NEWAY,NEWAY,NEWAY,NEWAY,NEWAY,NEWAY,NEWAY,NEWAY,NEWAY,NEWAY,NEWAY,NEWAY,NEWAY,NEWAY,NEWAY,NEWAY,NEWAY,NEWAY,NEWAY,NEWAY,NEWAY,NEWAY,NEWAY,NEWAY,NEWAY,NEWAY,NEWAY,NEWAY,NEWAY,NEWAY,NEWAY,NEWAY,NEWAY,NEWAY,NEWAY,NEWAY,NEWAY,NEWAY,NEWAY,NEWAY,NEWAY,NEWAY,NEWAY,NEWAY,NEWAY,NEWAY,NEWAY,NEWAY,NEWAY,NEWAY,NEWAY,NEWAY,NEWAY,NEWAY,NEWAY,NEWAY,NEWAY,NEWAY,NEWAY,NEWAY,NEWAY,SIRIUS,SIRIUS,SIRIUS,SIRIUS,SIRIUS,SIRIUS,SIRIUS,SIRIUS,SIRIUS,SIRIUS,SIRIUS,SIRIUS,SIRIUS,SIRIUS,SIRIUS,SIRIUS,SIRIUS,SIRIUS,SIRIUS,SIRIUS,SIRIUS,CTB,Hyundai Wia,Hyundai Wia,Hyundai Wia,Hyundai Wia,Hyundai Wia,Hyundai Wia,Hyundai Wia,Hyundai Wia,Hyundai Wia,Hyundai Wia,Hyundai Wia,Hyundai Wia,Hyundai Wia,Hyundai Wia,Hyundai Wia,Hyundai Wia,Hyundai Wia,Hyundai Wia,Hyundai Wia,Hyundai Wia,Hyundai Wia,Hyundai Wia,Hyundai Wia,Hyundai Wia,Hyundai Wia,Hyundai Wia,Hyundai Wia,Hyundai Wia,Hyundai Wia,Hyundai Wia,Hyundai Wia,Hyundai Wia,Hyundai Wia,Hyundai Wia,Hyundai Wia,Hyundai Wia,Hyundai Wia,Hyundai Wia,Hyundai Wia,Hyundai Wia,Hyundai Wia,Hyundai Wia,Hyundai Wia,Hyundai Wia,Hyundai Wia,Hyundai Wia,Hyundai Wia,Hyundai Wia,Hyundai Wia,Hyundai Wia,Hyundai Wia,Hyundai Wia,Hyundai Wia,Hyundai Wia,Hyundai Wia,Hyundai Wia,Hyundai Wia,Hyundai Wia,Hyundai Wia,Hyundai Wia,Hyundai Wia,Hyundai Wia,Hyundai Wia,Hyundai Wia,Hyundai Wia,Hyundai Wia,Hyundai Wia,Hyundai Wia,Hyundai Wia,Hyundai Wia,Hyundai Wia,Hyundai Wia,Hyundai Wia,Hyundai Wia,Hyundai Wia,Hyundai Wia,Hyundai Wia,Hyundai Wia,Hyundai Wia,Hyundai Wia,Hyundai Wia,Hyundai Wia,Hyundai Wia,Hyundai Wia,Hyundai Wia,Hyundai Wia,Hyundai Wia,Hyundai Wia,Hyundai Wia,Hyundai Wia,Hyundai Wia,Hyundai Wia,Hyundai Wia,Hyundai Wia,Hyundai Wia,Hyundai Wia,Hyundai Wia,Hyundai Wia,Hyundai Wia,Hyundai Wia,Hyundai Wia,Hyundai Wia,Hyundai Wia,Hyundai Wia,Hyundai Wia,Hyundai Wia,Hyundai Wia,Hyundai Wia,Hyundai Wia,Hyundai Wia,Hyundai Wia,Hyundai Wia,Hyundai Wia,Hyundai Wia,Hyundai Wia,Hyundai Wia,Hyundai Wia,Hyundai Wia,Hyundai Wia,Hyundai Wia,Hyundai Wia
,,,GT35,QT35,QT45,QT45LM,QT45LMS,QT45LMY,QT55,QT55LM,QT55LS,QT55LMS,QT55LMY,QT55LMY-1000,QT55LMSY,QT60L-1000,QT60LM,QT60LM-1000,QT60LMY-1000,QT60LMSY-1000,NL161E,NL201E,NL251HA,NL253HA,NL322HA,NL324HA,NL402HA,NL404HA,NL201EP,NL251HP,NL253HP,NL161L,NL201L,NL251L,NL253L,NL322L,NL324L,NL402L,NL404L,NL635L,NL161V,NL201V,NL251V,NL253V,NL161LV,NL201LV,NL251LV,NL253LV,NL301Y,NL302Y,NL322M,NL502SC/H,NL504SC/H,NL634SC,NL634SCZ,NL635SC,NL635SCZ,NL636SC,NL636SCZ,NL638SC,NL638SCZ,NL161T,NL251T,NL253T,NL322T,NL324T,NL402T,NL404T,NL502T,NL504T,NL634T,NL635T,NL636T,NL638T,HL635T,NL201HG,NL8515SL,NL8530SL,NL8515S,NL8550S,NL10015S/H,NL10030S/H,NL100500S/H,NL12515S/H,NL12530S/H,NL12550S/H,NL16030S,NL16060S,NL20050S,NL20060S,VNL40S/H,VNL50S/H,VNL65S/H,VNL80S/H,VNL80SK/HK,VNL125S/H,VNL125SK/HK,VNL160S/H,VNL160SK/HK,VNL250S/H,VNL250SK/HK,VNL400SF/HF,VNL400S/H,VNL500S/H,KA-20C,KA-30C,KA-40C,KA-42CL,KC-45,KC-50,KC-60,KC-70,KC-80,KC-45C,KC-50C,KC-60C,KC-70C,KC-45CY,KC-50CY,KC-60CY,KC-70CY,KA-30CMY,KA-40CMY,KC-50CSY,KC-50CST,MT63,KIT4500,KIT60G,KIT250,E160A,E160C,HD2200,HD2200C,HD2200M,HD2200MC,HD2200Y,HD2200SY,HD2600Y,HD2600SY,HD3100Y,HD3100SY,HD3100YA,HD3100SYA,KL6500AW [Mirror Finishing],LV800RAW/LAW,LV800AW-TT,L300A,L300MA,L300MSA,L300LA,L300LMA,L300LMSA,L300C,L300LC,L300MC,L300LMC,L300LMSC,L600LA,L600LMA,L700LA,L700LMA,L2000Y,L2000LY,L2000SY,L2000LSY,L2600Y,L2600LY,L2600SY,L3000Y,L3000LY,L3000SY,L4000,L4000M,L4000C,L4000MC,L4000L,L4000LM,L4000LC,L4000LMC,L5100L,L5100LM,L5100LC,L5100LMC,L5100LY,LF2200 II,LF2200Quick II,LF2200M II,LF2200MQuick II,LF2600 II,LF2600Quick II,LF2600M II,LF2600MQuick II,LM1600TTS,LM1600TTMS,LM1600TTSY,LM1800TTS,LM1800TTMS,LM1800TTSY,LM2200TTSYY,LM2200TTSYYC,LM2500TTSY II,KL6500AW [Mirror Finishing],LV800RAW/LAW,LV800AW-TT,LV500R/L,LV500RM/LM,LV1100R,LV1100RM,LV1400,LV2000MM,LV4500R/L,LV4500RM/LM,LV8500R/L,LV8500RM/LM,SE2200A,SE2200LA,SE2200MA,SE2200LMA,SE2200LMSA,SE2200,SE2200L,SE2200M,SE2200LM,SE2200LMS,SE2200LC,SE2200LMC,SE2200LMSC,SE2200Y,SE2200LY,SE2200LSY,SE2200YA,SE2200LYA,SE2200LSYA,SE2600,SE2600L,SE2600M,SE2600LM,SE2600Y,SE2600LY,SE2600SY,SE2600LSY,XM2600,XM2600S,XM2600ST,XM3100,XM3100S,XM3100ST
,,,,,,,,,,,,,,,,,,,,,,,,,,,,,,,,,,,,,,,,,,,,,,,,,,,,,,,,,,,,,,,,,,,,,,,,,,,,,,,,,,,,,,,,,,,,,,,,,,,,,,,,,,,,,,,,,,,,,,,,,,,,,,,,,,,,,,,,,,,,,,,,,,,,,,,,,,,,,,,,,,,,,,,,,,,,,,,,,,,,,,,,,,,,,,,,,,,,,,,,,,,,,,,,,,,,,,,,,,,,,,,,,,,,,,,,,,,,,,,,,,,,,,,
,,Цена,,,,,,,,,,,,,,,,,,,,,,,,,,,,,,,,,,,,,,,,,,,,,,,,,,,,,,,,,,,,,,,,,,,,,,,,,,,,,,,,,,,,,,,,,,,,,,,,,,,,,,,,,,,,,,,,,,,,,,,,,,,,,,,,,,,,,,,,,,,,,,,,,,,,,,,,,,,,,,,,,,,,,,,,,,,,,,,,,,,,,,,,,,,,,,,,,,,,,,,,,,,,,,,,,,,,,,,,,,,,,,,,,,,,,,,,,,,,,,,,,,,,,
,Параметр,Ед. изм,Значение,Значение,Значение,Значение,Значение,Значение,Значение,Значение,Значение,Значение,Значение,Значение,Значение,Значение,Значение,Значение,Значение,Значение,Значение,Значение,Значение,Значение,Значение,Значение,Значение,Значение,Значение,Значение,Значение,Значение,Значение,Значение,Значение,Значение,Значение,Значение,Значение,Значение,Значение,Значение,Значение,Значение,Значение,Значение,Значение,Значение,Значение,Значение,Значение,Значение,Значение,Значение,Значение,Значение,Значение,Значение,Значение,Значение,Значение,Значение,Значение,Значение,Значение,Значение,Значение,Значение,Значение,Значение,Значение,Значение,Значение,Значение,Значение,Значение,Значение,Значение,Значение,Значение,Значение,Значение,Значение,Значение,Значение,Значение,Значение,Значение,Значение,Значение,Значение,Значение,Значение,Значение,Значение,Значение,Значение,Значение,Значение,Значение,Значение,Значение,Значение,Значение,Значение,Значение,Значение,Значение,Значение,Значение,Значение,Значение,Значение,Значение,Значение,Значение,Значение,Значение,Значение,Значение,Значение,Значение,Значение,Значение,Значение,Значение,Значение,Значение,Значение,Значение,Значение,Значение,Значение,Значение,Значение,Значение,Значение,Значение,Значение,Значение,Значение,Значение,Значение,Значение,Значение,Значение,Значение,Значение,Значение,Значение,Значение,Значение,Значение,Значение,Значение,Значение,Значение,Значение,Значение,Значение,Значение,Значение,Значение,Значение,Значение,Значение,Значение,Значение,Значение,Значение,Значение,Значение,Значение,Значение,Значение,Значение,Значение,Значение,Значение,Значение,Значение,Значение,Значение,Значение,Значение,Значение,Значение,Значение,Значение,Значение,Значение,Значение,Значение,Значение,Значение,Значение,Значение,Значение,Значение,Значение,Значение,Значение,Значение,Значение,Значение,Значение,Значение,Значение,Значение,Значение,Значение,Значение,Значение,Значение,Значение,Значение,Значение,Значение,Значение,Значение,Значение,Значение,Значение,Значение,Значение,Значение,Значение,Значение,Значение,Значение,Значение,Значение,Значение,Значение,Значение,Значение,Значение,Значение,Значение,Значение,Значение,Значение,Значение,Значение,Значение,Значение,Значение
,Размеры заготовки,,,,,,,,,,,,,,,,,,,,,,,,,,,,,,,,,,,,,,,,,,,,,,,,,,,,,,,,,,,,,,,,,,,,,,,,,,,,,,,,,,,,,,,,,,,,,,,,,,,,,,,,,,,,,,,,,,,,,,,,,,,,,,,,,,,,,,,,,,,,,,,,,,,,,,,,,,,,,,,,,,,,,,,,,,,,,,,,,,,,,,,,,,,,,,,,,,,,,,,,,,,,,,,,,,,,,,,,,,,,,,,,,,,,,,,,,,,,,,,,,,,,,,
,Максимальный диаметр над станиной,мм,Ø350,Ø350,Ø450,Ø450,Ø450,Ø450,Ø550,Ø550,Ø550,Ø550,Ø550,Ø550,Ø550,Ø600,Ø600,Ø600,Ø600,Ø550,500,450,550,550,570,570,650,650,450,550,550,500,450,550,550,570,570,650,650,650,500,450,550,550,500,450,550,550,620,620,314,600,600,650,650,650,650,650,650,650,650,500,550,550,570,570,650,650,600,600,650,650,650,650,720,590,850,850,850,850,1000,1000,1000,1250,1250,1250,1600,1600,2200,2200,620,800,900,1000,1000,1500,1500,1800,1800,2750,2750,4000,4000,5000,,,,,450,520,580,630,700,450,520,580,630,450,520,580,630,600,600,580,780,,530,780,320,480,480,550,550,550,550,820,820,820,820,800,800,800,800,850,890,760,750,750,750,750,750,750,750,750,750,750,750,1050,1050,1050,1050,800,800,800,800,800,800,800,800,800,800,800,800,800,800,800,800,800,800,1030,1030,1030,1030,1030,276,276,276,276,370,370,370,370,290,290,290,290,290,290,,,780,850,890,760,760,760,1355,1355,1450,2040,620,620,890,890,600,600,600,600,600,600,600,600,600,600,600,600,600,600,600,600,600,600,600,600,600,600,600,630,630,630,630,,,,,,
,Максимальный обрабатываемый диаметр,мм,300,300,300,300,300,260,380,380,360,360,380,380,360,380,380,380,380,320,320,350,360,360,430,430,510,510,350,320,320,320,350,360,360,430,430,510,510,630,320,350,360,360,320,350,360,360,300,300,314,500,500,630,630,630,630,630,630,630,630,240,350,350,320,320,400,400,430,430,540,540,540,540,630,200,800,800,850,850,1000,1000,1000,1250,1250,1250,1300,1300,1600,1600,600,780,850,1000,1000,1250,1250,1600,1600,2500,2500,4000,4000,5000,100,260,260,400,360,360,420,500,550,320,340,400,450,320,340,400,450,360,360,350,300,950,165,254,135,280,280,380,380,300,300,300,300,300,300,420,420,420,420,660,800,650,500,410,410,500,410,410,560,560,500,500,500,920,920,920,920,420,420,420,420,420,420,420,420,420,420,570,570,570,570,570,570,570,570,760,690,760,690,610,260,260,260,260,360,360,360,360,230,230,230,230,230,230,230,230,390,660,800,650,550,550,1160,1160,1400,2000,495,495,850,850,350,350,300,300,300,350,350,300,300,300,350,300,300,300,300,300,300,300,300,360,360,380,380,380,380,380,380,660,660,660,660,660,660
,Максимальная длина (высота) заготовки,мм,280,280,300,370,370,320,320,485,430,430,420,790,420,950,455,950,730,360,320,445,435,810,565,1000,550,1000,445,435,810,320,420,410,810,565,1000,550,1000,1500,320,420,410,810,320,355,410,810,300,550,550,500,1000,1000,1000,1500,1500,2000,2000,3000,3000,320,395,795,475,955,460,1000,500,1000,1000,1500,2000,3000,1500,350,1500,3000,1500,5000,1500,3000,5000,1500,3000,5000,3000,6000,5000,6000,460,600,700,800,600,1000,1000,1600,1600,2000,2000,1000,2000,2000,260,310,310,400,300,500,750,1000,1350,250,450,750,1000,250,450,750,1000,200,200,480,400,500,300,530,150,300,280,565,550,467,452,610,610,610,610,760,760,760,760,710,800,650,720,680,680,1320,1280,1250,720,1320,600,1260,600,3250,3250,3250,3250,520,760,520,760,760,1280,760,760,1280,760,1043,958,1025,940,2138,2053,2120,2035,2205,2120,2205,2120,2070,170,170,170,170,200,200,200,200,705,705,705,673,673,673,230,230,900,710,800,650,600,600,1000,1000,850,1700,465,465,800,800,340,560,309,529,529,307,558,288,508,508,549,499,499,288,508,508,309,529,529,671,1091,630,1050,653,1073,653,1073,1540,1540,1540,1540,1540,1540
,Макс. вес заготовки,,,,,,,,,,,,,,,,,,,,,,,,,,,,,,,,,,,,,,,,,,,,,,,,,,,,,,,,,,,,,,,,,,,,,,,,,,,,4000,4000,6000,6000,6000,6000,6000,6000,6000,6000,20000,20000,20000,20000,,,,,,5000,5000,8000,8000,16000,16000,40000,40000,50000,,,,,,,,,,,,,,,,,,,,,,800,,,,,,,,,,,,,,,,,,,,,,,,,,,,,,,,,,,,,,,,,,,,,,,,,,,,,,,,,,,,,,,,,,,,,,,,,,,,,,,,,,,4400,10000,,,,,,,,,,,,,,,,,,,,,,,,,,,,,,,,,,,,,
,Максимальное перемещение по осям,,,,,,,,,,,,,,,,,,,,,,,,,,,,,,,,,,,,,,,,,,,,,,,,,,,,,,,,,,,,,,,,,,,,,,,,,,,,,,,,,,,,,,,,,,,,,,,,,,,,,,,,,,,,,,,,,,,,,,,,,,,,,,,,,,,,,,,,,,,,,,,,,,,,,,,,,,,,,,,,,,,,,,,,,,,,,,,,,,,,,,,,,,,,,,,,,,,,,,,,,,,,,,,,,,,,,,,,,,,,,,,,,,,,,,,,,,,,,,,,,,,,,,
,Ось Х,мм,350,350,160,160,155,140,200,200,210,210,200,180,190,200,200,210,180,170,180,200,240,240,240,240,280,280,200,240,240,180,200,240,240,240,240,280,280,350,180,200,240,240,180,200,240,240,210,210,200,295,295,330,330,330,330,350,350,350,350,180,240,240,235,235,275,275,275,295,355,355,355,355,425,470,,,,,,,,,,,,,,,350,520,520,520,700,800,800,1040,1000,1820,1420,2265,2265,2765,300,320,320,550,220,210,320,350,375,220,220,320,350,220,220,320,350,150,150,230,230,670,450,450,250,165,165,215,215,215,215,215,215,215,215,260,260,260,260,400,440,420,290,290,290,290,290,290,355,355,355,355,355,500,500,500,500,265,265,265,265,265,265,265,265,265,265,330,330,330,330,330,330,330,330,400,400,400,400,360,140,140,140,140,190,190,190,190,165,165,165,165,165,165,165,165,270,400,440,420,325,325,620,620,-50 ~+825,-250 ~+1180,320,320,465,465,210,210,210,210,210,210,210,210,210,210,210,210,210,210,210,210,210,210,210,265,265,255,255,255,255,255,255,695,695,695,695,695,695
,Ось Z,мм,300,300,300,430,430,380,350,620,550,550,485,875,485,1020,620,1000,825,450,350,455,455,830,600,1100,600,1100,455,455,830,350,430,430,830,600,1100,600,1100,1600,350,430,430,830,350,360,430,830,400,600,650,600,1100,1100,1100,1600,1600,2100,2100,3100,3100,350,430,830,530,1050,530,1050,550,1050,1100,1600,2100,3100,1600,350,,,,,,,,,,,,,,,500,620,750,880,700,620,620,800,800,1400,1400,1400,1400,1400,260,380,380,500,380,580,850,1110,1500,380,550,850,1110,380,550,850,1110,200,200,530,530,500,300,550,200,300,300,580,580,482,482,680,680,680,680,830,830,830,830,720,800,650,750,750,750,1350,1350,1350,750,1350,750,1350,750,3280,3280,3280,3280,590,830,590,830,830,1350,830,830,1350,830,1105,1105,1105,1105,2200,2200,2200,2200,2255,2170,2255,2170,2120,170,170,170,170,200,200,200,200,700,700,700,700,700,700,700,700,920,720,800,650,625,625,1000,1000,800,915,495,495,800,800,340,560,340,560,560,340,560,340,560,560,560,560,560,340,560,560,560,560,560,680,1100,680,1100,680,1100,680,1100,1585,1585,1585,1585,1585,1585
,Ось Y (W),мм,,,,,,70,,,,,100,100,100,,,,100,100,,,,,,,,,,,,,,,,,,,,,,,,,,,,,105,105,100,,,,,,,,,,,,,,,,,,,,,,,,,,,,,,,,,,,,,,,,,,,,,,,,,,,,,,,,,,,,,,,,,,,150,150,150,150,150,150,150,150,,,,,,,,,,,110 (±55),110 (±55),110 (±55),110 (±55),120 (±60),120 (±60),120 (±60),120 (±60),,,,,,,,,,,,,,,,,,,120 (±60),120 (±60),120 (±60),120 (±60),120 (±60),120 (±60),120 (±60),120 (±60),120 (±60),120 (±60),,,,,,,,,,,,,150 (±75),,,,,,,,,,,100 (±50),,,100 (±50),100 (±50),100 (±50),120 (±60),,,,,,,,,250x3,,,,,,,,,,,,,,,,,,110 (±50),110 (±50),110 (±50),110 (±50),110 (±50),110 (±50),,,,,110 (±50),110 (±50),110 (±50),110 (±50),300 (±150),300 (±150),300 (±150),300 (±150),300 (±150),300 (±150)
,Ось X2,мм,,,,,,,,,,,,,,,,,,,,,,,,,,,,,,,,,,,,,,,,,,,,,,,,,,,,,,,,,,,,,,,,,,,,,,,,,,,,,,,,,,,,,,,,,,,,,,,,,,,,,,,,,,,,,,,,,,,,,,,,,,,,,,,,,,,,,,,,,,,,,,,,,,,,,,,,,,,,,,,,,,,,,,,,,,,,,,,,,,,,,,,,,,,,,,,195,195,195,195,195,195,165,165,195,,,,,,,,,,,,,,,,,,,,,,,,,,,,,,,,,,,,,,,660,1080,,,235,,,235
,"Ось Z2 (противошпиндель, 2я револьверная головка и др)",мм,,,,,400,,,,540,540,,,540,,,,,520,,,,,,,,,,,,,,,,,,,,,,,,,,,,,,550,650,,,,,,,,,,,,,,,,,,,,,,,,,,,,,,,,,,,,,,,,,,,,,,,,,,,,,,,,,,,,,,,,,,,,,,,,,,,,,,,,,,,,,,680,,680,,830,,830,,,,,,700,,,1200,,,,,700,,,,,,,590,830,,,830,,,830,,,,,,,,,,,,,,,,,,,,,,720,720,720,720,720,720,700,700,920,,,,,,,,,,,,,,,,,,"599,3",,,,,560,,,547,,,560,,,"599,3",,,,,,,,,,1585,1595,,1585,1595
,Ось Y2 (A),мм,,,,,,,,,,,,,,,,,,,,,,,,,,,,,,,,,,,,,,,,,,,,,,,,,,,,,,,,,,,,,,,,,,,,,,,,,,,,,,,,,,,,,,,,,,,,,,,,,,,,,,,,,,,,,,,,,,,,,,,,,,,,,,,,,,,,,,,,,,,,,,,,,,,,,,,,,,,,,,,,,,,,,,,,,,,,,,,,,,,,,,,,,,,,,,,,,,,,,100 (±50),100 (±50),,,,,,,,,,,,,,,,,,,,,,,,,,,,,,,,,,,,,,,,,,1595,1595,1540,1595,1595,1540
,Направляющие,-,Качения,Качения,Качения,Качения,Качения,Качения,Качения,Качения,Качения,Качения,Качения,Качения,Качения,Качения,Качения,Качения,Качения,Качения,Качения,Качения,Качения,Качения,Качения,Качения,Качения,Качения,Качения,Качения,Качения,Качения,Качения,Качения,Качения,Качения,Качения,Качения,Качения,Качения,Качения,Качения,Качения,Качения,Качения,Качения,Качения,Качения,Качения,Качения,Качения,Скольжения,Скольжения,Скольжения,Скольжения,Скольжения,Скольжения,Скольжения,Скольжения,Скольжения,Скольжения,,,,,,,,,,,,,,,,,,,,,,,,,,,,,,,,,,,,,,,,,,,,,,,,Качения,Качения,Качения,Качения,Качения,Качения,Качения,Качения,Качения,Качения,Качения,Качения,Качения,Качения,Качения,Качения,Качения,,,,,,,,,,,,,,,,,,,,,,,,,,,,,,,,,,,,,,,,,,,,,,,,,,,,,,,,,,,,,,,,,,,,,,,,,,,,,,,,,,,,,,,,,,,,,,,,,,,,,,,,,,,,,,,,,,,,,,,,,,
,Точность перемещений,,,,,,,,,,,,,,,,,,,,,,,,,,,,,,,,,,,,,,,,,,,,,,,,,,,,,,,,,,,,,,,,,,,,,,,,,,,,,,,,,,,,,,,,,,,,,,,,,,,,,,,,,,,,,,,,,,,,,,,,,,,,,,,,,,,,,,,,,,,,,,,,,,,,,,,,,,,,,,,,,,,,,,,,,,,,,,,,,,,,,,,,,,,,,,,,,,,,,,,,,,,,,,,,,,,,,,,,,,,,,,,,,,,,,,,,,,,,,,,,,,,,,,
,Точность позицианирования X/Z,мм,"±0,005","±0,003","±0,003","±0,003","±0,003","±0,003","±0,003","±0,003","±0,003","±0,003","±0,003","±0,003","±0,003","±0,003","±0,003","±0,003","±0,003","±0,003","0,006","0,006","0,006","0,006","0,008","0,008","0,01","0,01","0,006","0,006","0,006","0,006","0,006","0,006","0,006","0,008","0,008","0,01","0,01","0,014","0,006","0,006","0,006","0,006","0,006","0,006","0,006","0,006","0,01","0,01","0,01","0,01/0,012","0,01/0,012","0,012/0,014","0,012/0,014","0,012/0,014","0,012/0,014","0,016/0,04","0,016/0,04","0,016/0,05","0,016/0,05","0,006","0,006","0,006","0,008","0,008","0,01","0,01","0,01/0,012","0,010/0,012","0,012/0,016","0,012/0,016","0,016/0,04","0,016/0,05","0,012/0,016","0,006",0.012/0.020,0.012/0.035,0.012/0.020,0.012/0.050,0.012/0.020,0.012/0.035,0.012/0.050,0.012/0.020,0.012/0.035,0.012/0.050,0.05/0.08,0.05/0.08,0.05/0.08,0.05/0.08,0.008/0.012,0.008/0.012,0.008/0.012,0.012/0.015,0.015/0.015,0.02/0.02,0.02/0.02,0.020/0.020,0.020/0.020,0.030/0.030,0.030/0.030,0.030/0.030,0.030/0.030,0.030/0.030,,,,,±0.002,±0.003,±0.003,±0.003,±0.003,±0.002,±0.002,±0.003,±0.003,±0.002,±0.002,±0.003,±0.003,,,,,"0,015",,,,,,,,,,,,,,,,,,,,,,,,,,,,,,,,,,,,,,,,,,,,,,,,,,,,,,,,,,,,,,,,,,,,,,,,,,,,,,,,,,,,,,,,,,,,,,,,,,,,,,,,,,,,,,,,,,,,,,,,,
,Повторяемость,мм,"±0,003","±0,002","±0,002","±0,002","±0,002","±0,002","±0,002","±0,002","±0,002","±0,002","±0,002","±0,002","±0,002","±0,002","±0,002","±0,002","±0,002","±0,002","0,004","0,004","0,004","0,004","0,004","0,004","0,004","0,004","0,004","0,004","0,004","0,004","0,004","0,004","0,004","0,004","0,004","0,004","0,004","0,008","0,004","0,004","0,004","0,004","0,004","0,004","0,004","0,004","0,005","0,005","0,005","0,005/0,007","0,005/0,007","0,006/0,008","0,006/0,008","0,006/0,008","0,006/0,008","0,007/0,02","0,007/0,02","0,007/0,02","0,007/0,02","0,004","0,004","0,004","0,004","0,004","0,004","0,004","0,004","0,005/0,007","0,006/0,008","0,006/0,008","0,007/0,02","0,007/0,022","0,006/0,008","0,004",0.007/0.013,0.007/0.020,0.007/0.013,0.007/0.020,0.007/0.013,0.007/0.020,0.007/0.020,0.007 /0.013,0.007 / 0.020,0.007 /0.020,0.02/0.035,0.02/0.035,0.02/0.035,0.02/0.035,0.006/0.008,0.006/0.008,0.006/0.008,0.0075/0.010,0.010/0.010,0.015/0.015,0.015/0.015,0.015/0.015,0.015/0.015,0.015/0.015,0.015/0.015,0.015/0.015,0.015/0.015,0.015/0.015,,,,,,,,,,,,,,,,,,,,,,"0,008",,,,,,,,,,,,,,,,,,,,,,,,,,,,,,,,,,,,,,,,,,,,,,,,,,,,,,,,,,,,,,,,,,,,,,,,,,,,,,,,,,,,,,,,,,,,,,,,,,,,,,,,,,,,,,,,,,,,,,,,,
,Ускореные холостые ходы,,,,,,,,,,,,,,,,,,,,,,,,,,,,,,,,,,,,,,,,,,,,,,,,,,,,,,,,,,,,,,,,,,,,,,,,,,,,,,,,,,,,,,,,,,,,,,,,,,,,,,,,,,,,,,,,,,,,,,,,,,,,,,,,,,,,,,,,,,,,,,,,,,,,,,,,,,,,,,,,,,,,,,,,,,,,,,,,,,,,,,,,,,,,,,,,,,,,,,,,,,,,,,,,,,,,,,,,,,,,,,,,,,,,,,,,,,,,,,,,,,,,,,
,Ось Х,м/мин,20,20,20,20,20,20,30,30,30,30,30,30,30,30,30,30,30,30,30,24,24,24,24,24,24,24,30,30,30,30,24,24,24,24,24,24,24,16,30,24,24,24,30,24,24,24,30,30,30,12,12,8,8,8,8,8,8,8,8,30,24,24,24,24,24,24,12,12,8,8,8,8,8,30,,,,,,,,,,,,,,,20,16,16,12,10,12,10(SK)/12(HK),12,10,9,9,6,6,6,30,30,30,30,24,24,20,20,20,24,24,20,20,24,24,20,20,30,30,24,24,15,30,36,24,30,30,24,24,24,24,24,24,24,24,24,24,24,24,20,20,30,20,20,20,20,20,20,20,20,20,20,20,12,12,12,12,30,30,30,30,30,30,30,30,30,30,16,16,16,16,16,16,16,16,20,20,20,20,20,24,24,24,24,24,24,24,24,20/20,20/20,20/20,20/20,20/20,20/20,20,20,24,20,20,30,20,20,24,24,12,12,24,24,20,20,30,30,30,30,30,30,30,30,30,30,30,30,30,30,30,30,30,30,30,30,30,30,30,30,30,30,30,48,48,48,48,48,48
,Ось Z,м/мин,24,24,24,24,24,24,30,30,30,30,30,30,30,30,30,30,30,30,30,30,30,30,30,30,30,30,36,36,36,30,30,30,30,30,30,30,30,18,30,30,30,30,30,30,30,30,30,30,40,16,16,12,12,12,12,12,12,10,10,30,30,30,30,30,30,30,16,16,12,12,12,10,12,30,,,,,,,,,,,,,,,20,16,16,12,10,12,10,12,12(SK)/10(HK),9,9,6,6,6,30,30,30,30,24,24,20,20,20,24,24,20,20,24,24,20,20,30,30,24,24,15,36,36,30,30,30,30,30,30,30,30,30,30,30,30,30,30,30,24,20,30,24,24,24,24,24,24,24,24,24,24,24,12,12,12,12,30,30,30,30,30,30,30,30,30,30,20,20,20,20,20,20,20,20,18,18,18,18,18,24,36,24,36,24,36,24,36,40,40,40,40,40,40,36,36,24,24,20,30,18,18,24,24,12,12,24,24,20,20,36,36,36,36,36,36,36,36,36,36,36,36,36,36,36,36,36,36,36,30,30,30,30,30,30,30,30,48,48,48,48,48,48
,Ось Y (W),м/мин,,,,,,12,,,,,12,12,12,,,,12,12,,,,,,,,,,,,,,,,,,,,,,,,,,,,,10,10,15,,,,,,,,,,,,,,,,,,,,,,,,,,,,,,,,,,,,,,,,,,,,,,,,,,,,,,,,,,,,,,,,,,,,,,,,,,,,,,,,,,,,,10,10,10,10,10,10,10,10,,,,,,,,,,,,,,,,,,,10,10,10,10,10,10,10,10,10,10,,,,,,,,,,,,,12,,,,,,,,,,,"7,5",,,"7,5",10,10,12,,,,,,,,,,,,,,,,,,,,,,,,,,,10,10,10,10,10,10,,,,,10,10,10,10,36,36,36,36,36,36
,Ось Х2,м/мин,,,,,,,,,,,,,,,,,,,,,,,,,,,,,,,,,,,,,,,,,,,,,,,,,,,,,,,,,,,,,,,,,,,,,,,,,,,,,,,,,,,,,,,,,,,,,,,,,,,,,,,,,,,,,,,,,,,,,,,,,,,,,,,,,,,,,,,,,,,,,,,,,,,,,,,,,,,,,,,,,,,,,,,,,,,,,,,,,,,,,,,,,,,,,,,,,,,,,20,20,24,,,,,,,,,,,,,,,,,,,,,,,,,,,,,,,,,,,,,,,,,,,24,,,24
,"Ось Z2 (противошпиндель, 2я револьверная головка и др)",м/мин,,,,,24,,,,30,30,,,30,,,,,30,,,,,,,,,,,,,,,,,,,,,,,,,,,,,,10,40,,,,,,,,,,,,,,,,,,,,,,,,,,,,,,,,,,,,,,,,,,,,,,,,,,,,,,,,,,,,,,,,,,,,,,,,,,,,,,,,,,,,,,24,,24,,30,,30,,,,,,20,,,20,,,,,20,,,,,,,30,30,,,30,,,30,,,,,,,,,,,,,,,,,,,,,,40,40,40,40,40,40,36,36,24,,,,,,,,,,,,,,,,,,15,,,,,15,,,15,,,15,,,15,,,,,,,15,15,,36,36,,36,36
,Ось Y2 (A),м/мин,,,,,,,,,,,,,,,,,,,,,,,,,,,,,,,,,,,,,,,,,,,,,,,,,,,,,,,,,,,,,,,,,,,,,,,,,,,,,,,,,,,,,,,,,,,,,,,,,,,,,,,,,,,,,,,,,,,,,,,,,,,,,,,,,,,,,,,,,,,,,,,,,,,,,,,,,,,,,,,,,,,,,,,,,,,,,,,,,,,,,,,,,,,,,,,,,,,,,10,10,,,,,,,,,,,,,,,,,,,,,,,,,,,,,,,,,,,,,,,,,,30,30,30,30,30,30
,Шпиндель,,,,,,,,,,,,,,,,,,,,,,,,,,,,,,,,,,,,,,,,,,,,,,,,,,,,,,,,,,,,,,,,,,,,,,,,,,,,,,,,,,,,,,,,,,,,,,,,,,,,,,,,,,,,,,,,,,,,,,,,,,,,,,,,,,,,,,,,,,,,,,,,,,,,,,,,,,,,,,,,,,,,,,,,,,,,,,,,,,,,,,,,,,,,,,,,,,,,,,,,,,,,,,,,,,,,,,,,,,,,,,,,,,,,,,,,,,,,,,,,,,,,,,
,Отверстие в шпинделе,мм,Ø56,Ø56,Ø56,Ø56,Ø56,Ø56,Ø62,Ø62,Ø62,Ø62,Ø62,Ø62,Ø62,Ø86,Ø86,Ø86,Ø86,Ø86,56,56,56,56,65,65,65,65,76,76,76,56,56,56,56,65,65,65,65,87,56,56,56,56,56,56,56,56,56,56,66,65,65,87,106,87,106,102,106,102,106,56,56,56,65,65,65,65,65,65,102,102,102,102,100,56,100,100,100,100,100/130, 100/130, 100/130,100/130,100/130, 100/130,130,130,130,130,,,,,,,,,,,,,,,,,,,56,66,82,92,105,56,66,82,93,56,66,82,93,45,56,65,65,,65,,42,55,62,76,92,76,92,76,76,91,91,91,91,115,115,130,100,50,90,95,95,90,95,95,102,102,102,102,102,152,152,181,181,65,65,65,65,91,91,91,115,115,115,131,131,181,181,131,131,181,181,181,181,276,276,181,46,46,46,46,75,75,75,75,62,62,62,76,76,76,76,91,91,130,100,50,100,100,110,110,,,,,,,60,60,60,60,60,75,75,75,75,75,91,91,91,75,75,75,60,60,60,91,91,91,91,91,91,91,91,91,91,91,115,115,115
,Максимальный диаметр прута,мм,Ø45,Ø45,Ø45,Ø45,Ø45,Ø45,Ø51,Ø51,Ø51,Ø51,Ø51,Ø51,Ø51,Ø75,Ø75,Ø75,Ø75,Ø75,,,,,,,,,,,,,,,,,,,,,,,,,,,,,44,44,51,,,,,,,,,,,,,,,,,,,,,,,,,,,,,,,,,,,,,,,,,,,,,,,,,,,,,,25,30,40,40,42,52,70,82,88,42,52,70,82,42,52,70,82,36,42,50,50,,51,,32,45,51,65,81,65,81,65,65,81,81,81,81,102,102,,,,76,76,76,76,75,75,90,90,90,90,90,117,117,162,162,76,76,76,76,81,81,81,102,102,102,117,117,165,165,117,117,165,165,165,165,275,275,165,45,45,45,45,65,65,65,65,51,51,51,65,65,65,65,81,81,,,,,,,,,,,,,,51,51,51,51,51,65,65,65,65,65,81,81,81,65,65,65,51,51,51,81,81,81,81,81,81,81,81,81,81,81,102,102,102
,Размер конуса шпинделя,,А2-5,А2-5,А2-5,А2-5,А2-5,А2-5,А2-6,А2-6,А2-6,А2-6,А2-6,А2-6,А2-6,А2-8,А2-8,А2-8,А2-8,А2-8,A2-5,A2-5,A2-6,A2-6,A2-6,A2-6,A2-6,A2-6,A2-6,A2-6,A2-6,A2-5,A2-5,A2-6,A2-6,A2-6,A2-6,A2-6,A2-6,A2-8,A2-5,A2-5,A2-6,A2-6,A2-5,A2-5,A2-6,A2-6,A2-6,A2-6,A2-6,A2-6,A2-6,A2-8,A2-11,A2-8,A2-11,A2-8,A2-11,A2-11,A2-11,A2-5,A2-6,A2-7,A2-8,A2-9,A2-10,A2-11,A2-12,A2-6,A2-8,A2-8,A2-8,A2-11,A2-11,A2-5,A2-11,A2-11,A2-11,A2-11,A2-11/A2-15,A2-11/A2-15,A2-11/A2-15,A2-11/A2-15,A2-11/A2-15,A2-11/A2-15,A2-20,A2-20,A2-20,A2-20,,,,,,,,,,,,,,,A2-4,A2-4,A2-5,A2-5,A2-5,A2-6,A2-8,A2-8,A2-11,A2-5,A2-6,A2-8,A2-8,A2-5,A2-6,A2-8,A2-8,A2-4,A2-5,A2-6,A2-6,,A2-5,А2-10,Flat (d110),A2-5,A2-6,A2-6,A2-8,A2-6,A2-8,A2-6,A2-6,A2-8,A2-8,A2-8,A2-8,A2-11,A2-11,A2-11,A2-11,A2-11,A2-8,A2-8,A2-8,A2-8,A2-8,A2-8,A2-8,A2-8,A2-8,A2-8,A2-8,A2-15,A2-15,A2-20,A2-20,A2-6,A2-6,A2-6,A2-6,A2-8,A2-8,A2-8,A2-11,A2-11,A2-11,A2-11,A2-11,A2-15,A2-15,A2-11,A2-11,A2-15,A2-15,A2-15,A2-15,ISO 702-4 No. 20,ISO 702-4 No. 20,A2-15,A2-5,A2-5,A2-5,A2-5,A2-6,A2-6,A2-6,A2-6,A2-5,A2-5,A2-5,A2-6,A2-6,A2-6,A2-6,A2-8,A2-8,A2-8,A2-11,A2-11,A2-11,A2-11,380 Flat,380 Flat,,,A2-8,A2-8,A2-11,A2-11,A2-5,A2-5,A2-5,A2-5,A2-5,A2-6,A2-6,A2-6,A2-6,A2-6,A2-8,A2-8,A2-8,A2-6,A2-6,A2-6,A2-5,A2-5,A2-5,A2-8,A2-8,A2-8,A2-8,A2-8,A2-8,A2-8,A2-8,A2-8,A2-8,A2-8,A2-11,A2-11,A2-11
,Максимальное число оборотов шпинделя,об/мин,4000,4500,4500,4500,4500,4500,4500,4500,4500,4500,4500,4500,4500,3500,3500,3500,3500,3500,6000,6000,5000,5000,3500,3500,3000,3000,4000,4000,4000,6000,6000,5000,5000,4000,4000,4000,4000,2000,6000,6000,5000,5000,6000,6000,5000,5000,6000,6000,4500,3000,3000,2000,1000,2000,1000,2000,1000,2000,1000,6000,5000,5000,4000,4000,4000,4000,3000,3000,2000,2000,2000,2000,2000,6000,800,630,630,630,500,500,500,500,500,500,450,450,450,450,2000,1500,1500,1500,1500,500,500,400,400,120,120,63,63,50,6000,5000,4500,4500,5000,4500,3000,3000,2000,5000,4500,3000,3000,5000,4500,3000,3000,6000,5000,4000,4000,1500,6000,4000,7000,6000,4000,4500,3500,4500,3500,4000,4000,3500,3500,3500,3500,2800,2800,2000,2000,3000,3600,3500,3500,3600,3500,3500,3000,3000,3000,3000,3000,1800,1800,1500,1500,5000,5000,5000,5000,4000,4000,4000,3000,3000,3000,2000,2000,1500,1500,2000,2000,1500,1500,1500,1500,1000,1000,1500,6000,6000,6000,6000,4000,4000,4000,4000,6000,6000,6000,5000,5000,5000,5000,3500,4000,2000,2000,3000,2000,2000,800,800,492,258,3000,3000,2000,2000,6000,6000,6000,6000,6000,4500,4500,4500,4500,4500,3500,3500,3500,4500,4500,4500,6000,6000,6000,3500,3500,3500,3500,3500,3500,3500,3500,4000,4000,4000,3000,3000,3000
,Размер патрона (стола),дюйм,6,6,6,6,6,6,8,8,8,8,8,8,8,10,10,10,10,10,8,6,8,8,8,8,10,10,8,8,8,6,6,8,8,8,8,10,10,12,6,6,8,8,6,6,8,8,6,6,8,10,10,12,15,12,15,12,15,12,15,6,8,8,8,8,10,10,10,10,12,12,12,12,15,6,20,20,32,32,40,40,40,40,40,40,55,55,71,71,12,15,18,21,21,40,40,50,50,89,89,142,142,177,4,5,6,6,6,8,10,10,12,6,8,10,10,6,8,10,10,5,6,8,8,25,6,10,5,6,8,8,10,8,10,8,8,10,10,10,10,12,12,19,"22,5",19,10,10,10,10,10,10,12,12,12,12,12,18,18,24,24,8,8,8,8,10,10,10,12,12,12,15,15,21,21,15,15,21,21,21,21,24,24,21,6,6,6,6,8,8,8,8,7,7,7,8,8,8,8,10,10,19,"22,5",19,15,15,32,32,1000,1600,12,12,18,18,6,6,6,6,6,8,8,8,8,8,10,10,10,8,8,8,6,6,6,10,10,10,10,10,10,10,10,10,10,10,12,12,12
,,мм,,,,,,,,,,,,,,,,,,,,,,,,,,,,,,,,,,,,,,,,,,,,,,,,,,,,,,,,,,,,,,,,,,,,,,,,,,,500,500,800,800,1000,1000,1000,1000,1000,1000,1400,1400,1800,1800,,,,,,1000,1000,1250,1250,2250,2250,3600,3600,4500,,,,,,,,,,,,,,,,,,,,,,,,,,,,,,,,,,,,,,,,,,,,,,,,,,,,,,,,,,,,,,,,,,,,,,,,,,,,,,,,,,,,,,,,,,,,,,,,,,,,,,,,,,,,,,,,,,,,,,,,,,,,,,,,,,,,,,,,,,,,,,,
,Противошпиндель,,,,,,,,,,,,,,,,,,,,,,,,,,,,,,,,,,,,,,,,,,,,,,,,,,,,,,,,,,,,,,,,,,,,,,,,,,,,,,,,,,,,,,,,,,,,,,,,,,,,,,,,,,,,,,,,,,,,,,,,,,,,,,,,,,,,,,,,,,,,,,,,,,,,,,,,,,,,,,,,,,,,,,,,,,,,,,,,,,,,,,,,,,,,,,,,,,,,,,,,,,,,,,,,,,,,,,,,,,,,,,,,,,,,,,,,,,,,,,,,,,,,,,
,Отверстие в шпинделе,мм,,,,,Ø45,,,,Ø49,Ø49,,,Ø49,,,,,Ø49,,,,,,,,,,,,,,,,,,,,,,,,,,,,,,,66,,,,,,,,,,,,,,,,,,,,,,,,,,,,,,,,,,,,,,,,,,,,,,,,,,,,,,,,,,,,,,,,,,,,,,,45,56,,,,,,,,,,,,,,43,,43,,62,,62,,,,,,78,,,78,,,,,78,,,,,,,62,62,,,62,,,62,,,,,,,,,,,,,,,,,,,,,,,,,,,,,,91,,,,,,,,,,,,,,,,,,32,,,,,42,,,42,,,42,,,42,,,,,,,60,60,,91,91,,91,91
,Максимальный диаметр прута,мм,,,,,Ø30,,,,Ø35,Ø35,,,Ø35,,,,,Ø35,,,,,,,,,,,,,,,,,,,,,,,,,,,,,,,51,,,,,,,,,,,,,,,,,,,,,,,,,,,,,,,,,,,,,,,,,,,,,,,,,,,,,,,,,,,,,,,,,,,,,,,36,42,,,,,,,,,,,,,,32,,32,,51,,51,,,,,,65,,,65,,,,,65,,,,,,,51,51,,,51,,,51,,,,,,,,,,,,,,,,,,,,,,,,,,,,,,81,,,,,,,,,,,,,,,,,,,,,,,32,,,32,,,32,,,32,,,,,,,51,51,,81,81,,81,81
,Размер торца шпинделя,,,,,,А2-4,,,,А2-5,А2-5,,,А2-5,,,,,А2-5,,,,,,,,,,,,,,,,,,,,,,,,,,,,,,,A2-6,,,,,,,,,,,,,,,,,,,,,,,,,,,,,,,,,,,,,,,,,,,,,,,,,,,,,,,,,,,,,,,,,,,,,,,A2-4,A2-5,A2-5,A2-5,,,,,,,,,,,,Flat (d110),,Flat (d110),,A2-5,,A2-5,,,,,,A2-6,,,A2-6,,,,,A2-6,,,,,,,A2-5,A2-5,,,A2-5,,,A2-5,,,,,,,,,,,,,,,,,,,,,,,,,,,,,,A2-8,,,,,,,,,,,,,,,,,,Flat,,,,,Flat,,,Flat,,,Flat,,,Flat,,,,,,,A2-5,A2-5,,A2-8,A2-8,,A2-8,A2-8
,Максимальное число оборотов шпинделя,об/мин,,,,,5000,,,,4500,4500,,,4500,,,,,4500,,,,,,,,,,,,,,,,,,,,,,,,,,,,,,,4500,,,,,,,,,,,,,,,,,,,,,,,,,,,,,,,,,,,,,,,,,,,,,,,,,,,,,,,,,,,,,,,,,,,,,,,6000,5000,,,,,,,,,,,,,,6000,,6000,,4500,,4500,,,,,,4000,,,4000,,,,,4000,,,,,,,6000,6000,,,6000,,,6000,,,,,,,,,,,,,,,,,,,,,,,,,,,,,,4000,,,,,,,,,,,,,,,,,,6000,,,,,6000,,,6000,,,6000,,,6000,,,,,,,4500,4500,,4000,4000,,4000,4000
,Размер патрона,дюйм,,,,,"5""",,,,"6""","6""",,,"6""",,,,,"6""",,,,,,,,,,,,,,,,,,,,,,,,,,,,,,,8,,,,,,,,,,,,,,,,,,,,,,,,,,,,,,,,,,,,,,,,,,,,,,,,,,,,,,,,,,,,,,,,,,,,,,,5,6,6,6,,,,,,,,,,,,5,,5,,6,,6,,,,,,8,,,8,,,,,8,,,,,,,6,6,,,6,,,6,,,,,,,,,,,,,,,,,,,,,,,,,,,,,,10,,,,,,,,,,,,,,,,,,5,,,,,5,,,5,,,5,,,5,,,,,,,6,6,,10,10,,10,10
,Задняя бабка,,,,,,,,,,,,,,,,,,,,,,,,,,,,,,,,,,,,,,,,,,,,,,,,,,,,,,,,,,,,,,,,,,,,,,,,,,,,,,,,,,,,,,,,,,,,,,,,,,,,,,,,,,,,,,,,,,,,,,,,,,,,,,,,,,,,,,,,,,,,,,,,,,,,,,,,,,,,,,,,,,,,,,,,,,,,,,,,,,,,,,,,,,,,,,,,,,,,,,,,,,,,,,,,,,,,,,,,,,,,,,,,,,,,,,,,,,,,,,,,,,,,,,
,Ход задней бабки,мм,,,,,,,,,,,,,,,,,,,,,,,,,,,,,,,,,,,,,,,,,,,,,,,,,,,,,,,,,,,,,,,,,,,,,,,,,,,,,,,,,,,,,,,,,,,,,,,,,,,,,,,,,,,,,,,,,,,,,,,,,,,,,,,,200,200,580,580,482,482,680,,680,,830,,830,,,,,750,750,,1350,1350,,750,1350,750,1350,,3180,3180,3180,3180,590,830,,,830,1350,,830,1350,,1000,1000,1000,1000,2095,2095,2095,2095,2115,2115,2115,2115,2115,,,,,,,,,,,,,,,,,,,,,,,,,,,,,,,360,580,360,580,,360,580,360,580,,580,580,,360,580,,360,580,,700,1100,700,1100,700,1100,,,1595,,,1595,,
,Ход пиноли задней бабки,мм,,,,,,,,,,,,,,,,,,,,,,,,,,,,,,,,,,,,,,,,,,,,,,,,,,,,,,,,,,,,,,100,100,100,100,100,100,100,130,130,130,130,160,,125,125,160,160,160, 160,160,160,160,160,320,320,320,320,,,,,,,,,,,,,,,,,,,100,120,150,150,150,,100,100,120,,100,100,120,,,,,,,,,80,80,80,80,80,80,80,,80,,100,,100,,,,,120,120,,120,120,,120,120,120,120,,"132,5","132,5","132,5","132,5",120,120,,,120,120,,120,120,,100,100,100,100,100,100,100,100,100,100,100,100,100,,,,,,,,,,,,,,,,,,,,,,,,,,,,,,,,,,,,,,,,,,,,,,,,,,,120,,120,,120,,,,,,,,
,Диаметр пиноли задней бабки,мм,,,,,,,,,,,,,,,,,,,,,,,,,,,,,,,,,,,,,,,,,,,,,,,,,,,,,,,,,,,,,,100,100,100,100,100,100,100,100,100,100,100,180,,250,250,300,300,300,300,300,300,300,300,250,250,250,250,,,,,,,,,,,,,,,,,,,,,,,,,,,,,,,,,,,,,,,,55,55,65,65,65,65,120,,120,,12,,12,,,,,100,100,,100,100,,100,100,100,100,,160,160,160,160,100,100,,,100,100,,100,100,,120,120,120,120,120,120,120,120,120,120,120,120,120,,,,,,,,,,,,,,,,,,,,,,,,,,,,,,,56,56,56,56,,56,56,56,56,,56,56,,56,56,,56,56,,,80,,80,,80,,,,,,,,
,Конус задней бабки,-,,,,,,,,,,,,,,,,,,,,,,,,,,,,,,,,,,,,,,,,,,,,,,,,,,,,,,,,,,,,,,5#,5#,5#,5#,5#,5#,5#,5#,5#,5#,5#,5#,,6#,6#,6#,6#,6#,6#,6#,6#,6#,6#,100(Metric),100(Metric),100(Metric),100(Metric),,,,,,,,,,,,,,,,,,,,МТ-4,МТ-5,МТ-5,МТ-5,,МТ-4,МТ-5,МТ-5,,МТ-4,МТ-5,МТ-5,,,,,,,,,MT4,MT4,MT4,MT4,MT4,MT4,MT4,,MT4,,MT5,,MT5,,,,,MT5,MT5,,MT5,MT5,,MT5,MT5,MT5,MT5,,MT6,MT6,MT6,MT6,MT5,MT5,,,MT5,MT5,,MT5,MT5,,MT6,MT6,MT6,MT6,MT6,MT6,MT6,MT6,MT6,MT6,MT6,MT6,MT6,,,,,,,,,,,,,,,,,,,,,,,,,,,,,,,MT4,MT4,MT4,MT4,,MT4,MT4,MT4,MT4,,MT4,MT4,,MT4,MT4,,MT4,MT4,,MT4,MT4,MT4,MT4,MT4,MT4,,,MT5,,,MT5,,
,Двигатель,,,,,,,,,,,,,,,,,,,,,,,,,,,,,,,,,,,,,,,,,,,,,,,,,,,,,,,,,,,,,,,,,,,,,,,,,,,,,,,,,,,,,,,,,,,,,,,,,,,,,,,,,,,,,,,,,,,,,,,,,,,,,,,,,,,,,,,,,,,,,,,,,,,,,,,,,,,,,,,,,,,,,,,,,,,,,,,,,,,,,,,,,,,,,,,,,,,,,,,,,,,,,,,,,,,,,,,,,,,,,,,,,,,,,,,,,,,,,,,,,,,,,,
,Мощность на шпинделе (Продолж. / 30 мин.(Max.)),кВт,"5,5/7,5","5,5/7,5","7,5/11","7,5/11","7,5/11","7,5/11",11/15,11/15,11/15,11/15,11/15,11/15,11/15,15/18,15/18,15/18,15/18,15/18,"5.5/7,5",7.5/11,75/11,7.5/11,11/15,11/15,11/15,11/15,11/15,11/15,11/15,5.5/7.5,7.5/11,7.5/11,7.5/11,11/15,11/15,11/15,11/15,15/18.5,11.6/14.4,11.6/14.4,11.6/14.4,11.6/14.4,11.6/14.4,11.6/14.4,11.6/14.4,11.6/14.4,11/15,11/15,22/25,11/15,11/15,15/18.5,15/18.5,15/18.5,15/18.5,15/18.5,15/18.5,18.5/22,18.5/22,5.5/7.5,7.5/11,7.5/11,11/15,11/15,11/15,11/15,11/15,42309,15/18.5,15/18.5,15/18.5,15/18.5,18.5/30(звезда) 22/30(треугольник),7.5/11,44699,18.5/22,15/18.5,15/18.5,22/25,22/25,22/25,22/25,22/25,22/25,55(cont),55(cont),55(cont),55(cont),18.5/22,18.5/22,24/30(S)/18.5/22(H),24/30(S)/18.5/22(H),24/30(5)/18.5/22(H),30(cont),30(cont),37(cont),37(cont),55(cont),55(cont),75(cont),75(cont),75(cont),5.5,7.5,11,11,11,15,15,18.5,22,11,15,15,18.5,11,15,15,18.5,7.5,11,11,15,45,15,15,"3,7/5,5","7,5/11","7,5/11","15/18,5","15/18,5","15/18,5","15/18,5","15/18,5","15/18,5","15/18,5","15/18,5","18,5/26","18,5/26","18,5/26","18,5/26",30/37,37/45,37/55,"18,5/22","18,5/22","18,5/22","18,5/22","18,5/22","18,5/22",22/26,22/26,"18,5/22","18,5/22","18,5/22",37/45,37/45,37/45,37/45,11/22,11/22,11/22,11/22,15/22,15/22,15/22,25/37,25/37,25/37,22/25,22/25,30/37,30/37,22/35,22/30,30/37,30/37,37/45,37/45,37/45,37/45,37/45,11/15,11/15,11/15,11/15,11/15,11/15,11/15,11/15,11/15,11/15,11/15,11/22,11/22,11/22,"15/18,5","15/18,5",22/30,30/37,37/45,37/55,"18,5/26","18,5/26",45/55,45/55,30/37,30/37,"18,5/22","18,5/22",22/30,22/30,11/15,11/15,11/15,11/15,11/15,11/15,11/15,11/15,11/15,11/15,"11/18,5","11/18,5","11/18,5",11/15,11/15,11/15,11/15,11/15,11/15,"11/18,5","11/18,5","11/18,5","11/18,5","11/18,5","11/18,5","11/18,5","11/18,5",22/30,22/30,22/30,25/37,25/37,25/37
,Крут.момент на шпинделе  (Продолж. / 30 мин.(Max.)),Н*м,,,,,,,,,,,,,,,,,,,,,,,,,,,,,,,,,,,,,,,,,,,,,,,,,,,,,,,,,,,,,,,,,,,,,,,,,,,3533,3533,4343,4343,6370,6370,6370,6370,6370,6370,22000,22000,22000,22000,572,840,2083,2083,2083,9000,9000,14000,14000,40000,4000,125000,125000,160000,,,,,,,,,,,,,,,,,,,,,,1230,"95,5",191,"32,4/48","35,8/70","64,4/126","125,3/206","245,4/403,6","125,3/206","245,4/403,6","125,4/206","125,4/206","243,7/400,7","243,7/400,7",255/734,255/734,672/1051,672/1051,448/553,436/530,294/495,622/739,"414,9/493,4","414,9/493,4",622/739,"414,9/493,4","414,9/493,4",957/1131,957/1131,"465/787,3","465/787,3","465/787,3",3621/5610,3621/5610,5795/7045,5795/7045,301/358,301/358,301/358,301/358,409/599,409/599,409/599,1003/1262,1003/1262,1003/1262,1540/2450,1540/2450,2739/3378,1992/2457,1540/2450,993/1611,2739/3378,1992/2457,33824112,2459/2990,3689/4486,3689/4486,2459/2990,70/127,70/127,70/127,70/127,"140/254,5","140/254,5","140/254,5","140/254,5",140/208,140/208,140/208,21/358,21/358,21/358,"125,3/206",214/286,410/724,448/553,436/530,294/495,693/975,693/975,5310/6490,5310/6490,8035,22096,614/730,614/730,986/1346,986/1346,70/127,70/127,70/127,70/127,70/127,92/167,92/167,92/167,92/167,92/167,120/269,120/269,120/269,167,167,167,127,127,127,"286,4/470,9","286,4/470,9","286,4/470,9","286,4/470,9","286,4/470,9","286,4/470,9","286,4/470,9","286,4/470,9",410/724,410/724,410/724,1003/1262,1003/1262,1003/1262
,Мощность на противошпинделе (Продолж. / 30 мин.(Max.)),кВт,,,,,"5,5/7,5","5,5/7,5",,,"7,5/11","7,5/11","7,5/11","7,5/11","7,5/11",,,,,"7,5/11",,,,,,,,,,,,,,,,,,,,,,,,,,,,,,,22/25,,,,,,,,,,,,,,,,,,,,,,,,,,,,,,,,,,,,,,,,,,,,,,,,,,,,,,,,,,,,,,,,,,,,,,,7.5,11,7.5,11,,,,,,,,,,,,"3,7/5,5",,"3,7/5,5",,"5,5/7,5",,"5,5/7,5",,,,,,"7,5/11",,,"7,5/11",,,,,"7,5/11",,,,,,,11/15,11/15,,,11/15,,,11/15,,,,,,,,,,,,,,,,,,,,,,,,,,,,,,22/30,,,,,,,,,,,,,,,,,,"3,7/7,5",,,,,"3,7/7,5",,,"3,7/7,5",,,"3,7/7,5",,,"3,7/7,5",,,,,,,"5,5/7,5","5,5/7,5",,22/30,22/30,,22/30,22/30
,Крут.момент на противошпинделе  (Продолж. / 30 мин.(Max.)),Н*м,,,,,,,,,,,,,,,,,,,,,,,,,,,,,,,,,,,,,,,,,,,,,,,,,,,,,,,,,,,,,,,,,,,,,,,,,,,,,,,,,,,,,,,,,,,,,,,,,,,,,,,,,,,,,,,,,,,,,,,,,,,,,,,,,,,,,,,"23,5/46,6",,"23,5/46,6",,47/85,,47/85,,,,,,"95,5/140,1",,,"95,5/140,1",,,,,"95,5/140",,,,,,,"99,1/135","99,1/135",,,"99,1/135",,,"99,1/135",,,,,,,,,,,,,,,,,,,,,,,,,,,,,,410/724,,,,,,,,,,,,,,,,,,"23,6/63,6",,,,,"63,6/23,6",,,"63,6/23,6",,,"63,6/23,6",,,"63,6/23,6",,,,,,,47/85,47/85,,410/724,410/724,,410/724,410/724
,Револьверная головка (фрезерный шпиндель),,,,,,,,,,,,,,,,,,,,,,,,,,,,,,,,,,,,,,,,,,,,,,,,,,,,,,,,,,,,,,,,,,,,,,,,,,,,,,,,,,,,,,,,,,,,,,,,,,,,,,,,,,,,,,,,,,,,,,,,,,,,,,,,,,,,,,,,,,,,,,,,,,,,,,,,,,,,,,,,,,,,,,,,,,,,,,,,,,,,,,,,,,,,,,,,,,,,,,,,,,,,,,,,,,,,,,,,,,,,,,,,,,,,,,,,,,,,,,,,,,,,,,
,Тип,,Gang Tool (Turret+Power head),Gang Tool (Turret+Power head),BMT40,BMT40,BMT40,BMT40,BMT40,BMT55,Серво,Серво,BMT55,BMT55,BMT55,Серво ,BMT55,BMT55,BMT55,BMT55,Серво,Серво,Серво,Серво,Серво,Серво,Серво,Серво,Серво,Серво,Серво,Серво,Серво,Серво,Серво,Серво,Серво,Серво,Серво,Серво,Серво,Серво,Серво,Серво,Серво,Серво,Серво,Серво,BMT55,BMT55,BMT65,Серво,Серво,Серво,Серво,Серво,Серво,Серво,Серво,Серво,Серво,VDI30,VDI30,BMT55,BMT55,BMT55,BMT55,BMT55,BMT55,BMT55,VDI40,VDI40,VDI40,VDI50,VDI50,Gang tool,Серво,Серво,Серво,Серво,Серво,Серво,Серво,Серво,Серво,Серво,Серво,Серво,Серво,Серво,Гидро,Гидро,Гидро,Гидро,Электро,Электро,Электро,,,,,,,,Gang Tool,Gang Tool,Gang Tool,Т-ряд резцов,Серво,Серво,Серво,Серво,Серво,BMT,BMT55,BMT55,BMT55,BMT,BMT55,BMT55,BMT55,Резцедержатель,Резцедержатель,BMT,"BMT (две, верх, низ)",AK27320X6,Gang Tool,Gang Tool,,Серво,Серво,Серво,Серво,BMT55,BMT55,BMT55,BMT55,BMT55,BMT55,BMT65P,BMT65P,BMT65P,BMT65P,,,,BMT65,BMT65,BMT65,BMT65,BMT65,BMT65,Серво,Серво,BMT65,BMT65,BMT65,Серво,BMT85,,BMT85,BMT65,BMT65,BMT65,BMT65,BMT65,BMT65,BMT65,BMT65,BMT65,BMT65,Серво,BMT75,Серво,BMT75,Серво,BMT75,Серво,BMT75,Серво,BMT75,Серво,BMT75,BMT75,BMT45,BMT45,BMT45,BMT45,BMT55,BMT55,BMT55,BMT55,,BMT55,BMT55,,BMT55,BMT55,BMT55,BMT55,BMT65,,,,,,Серво,BMT85,Резцедержатель,Привод. Головка,,BMT65,,BMT75,Серво,Серво,BMT45,BMT45,BMT45,Серво,Серво,BMT45,BMT45,BMT45,Серво,BMT45,BMT45,BMT45,BMT45,BMT45,BMT45,BMT45,BMT45,Серво,Серво,BMT55,BMT55,BMT55,BMT55,BMT55,BMT55,Capto C6,Capto C6,Capto C6,Capto C6,Capto C6,Capto C6
,Число позиций инструмента,,,,8,12,12,12,12,12,12,12,12,,12,12,12,12,12,12,8,8,8,8,8,8,8,8,8,8,8,8,8,8,8,8,8,8,8,8,8,8,8,8,8,8,8,8,12,12,12,8,8,8,8,8,8,8,8,12,12,12,12,12,12,12,12,12,12,12,12,12,12,12,12,1-6,4,4,4,4,4,4,4,4,4,4,4,4,4,4,8(горизонт),12(горизонт),12(горизонт),12(горизонт),8(магазин),4(вертикально),8(магазин),4(вертикально),12(магазин),1,12(магазин),1,1,1,,,,,12,12,12,12,12,12,12,12,12,12,12,12,12,,,12,12,6,6,6,4,12,12,12,12,12,12,12,12,12,12,12,12,12,12,12,12,8+8,12,12,12,12,12,12,12,12,12,12,12,,12,,12,12,12,12,12,12,12,12,12,12,12,10,12,10,12,10,12,10,12,10,12,10,12,12,10,10,10,10,10,10,10,10,,10,10,,10,10,10,10,2x24,,,,,,12,12,12 (токарных),"18 (10 ток., 7 фрез., 1 доп.)",,12,,12,12,12,12,12,12,12,12,12,12,12,12,12,12,12,12,12,12,12,12,10,10,12,12,12,12,12,12,40,40,40,40,40,40
,Максимальная скорость вращения инстурмента,об/мин,,,,4000,4000,4000,,3000,,4000,3000,,3000,,3000,4000,4000,4000,,,,,,,,,,,,,,,,,,,,,,,,,,,,,6000,6000,5000,,,,,,,,,,,4000,5000,5000,6000,6000,6000,6000,4000,5000,5000,5000,5000,5000,4000,,,,,,,,,,,,,,,,,,,,,,,,,,,,,,,,,,,,,,,1,1,1,1,1,1,1,1,,,1,1,2000,,,,,,,,6000,6000,6000,6000,6000,6000,5000,5000,5000,5000,,,,,4000,4000,4000,4000,4000,,,4000,4000,4000,,3000,,3000,5000,5000,5000,5000,5000,5000,5000,5000,5000,5000,,4000,,4000,,4000,,4000,,4000,,4000,4000,6000,6000,6000,6000,5000,5000,5000,5000,,5000,5000,,5000,5000,5000,5000,5000,,,,,,,3000,,2400,,5000,,4000,,,6000,6000,6000,,,6000,6000,6000,,6000,6000,6000,6000,6000,6000,6000,6000,,,"3,7/5,5","3,7/5,5","3,7/5,5","3,7/5,5","3,7/5,5","3,7/5,5",15/22,25/22,25/22,15/22,25/22,25/22
,Мощность приводного инструмента,кВт,,,,"2,7","2,7","2,7",,"3,1",,"2,7","3,1",,"3,1",,"3,1","3,1","3,1","2,7",,,,,,,,,,,,,,,,,,,,,,,,,,,,,,,,,,,,,,,,,,,,,,,,,,,,,,,,,,,,,,,,,,,,,,,,,,,,,,,,,,,,,,,,,,,,,,3.3,3.3,3.7,3.7,3.3,3.3,3.7,3.7,,,,,26.4,,,,,,,,"3,7/5,5","3,7/5,5","3,7/5,5","3,7/5,5","3,7/5,5","3,7/5,5","3,7/5,5","3,7/5,5","3,7/5,5","3,7/5,5",,,,,"3,7/5,5","3,7/5,5","3,7/5,5","3,7/5,5","3,7/5,5",,,"3,7/5,5","3,7/5,5","3,7/5,5",,"7,5/11",,"7,5/11","1,5/5,5","1,5/5,5","1,5/5,5","1,5/5,5","1,5/5,5","1,5/5,5","1,5/5,5","1,5/5,5","1,5/5,5","1,5/5,5",,"1,5/5,5",,"1,5/5,5",,"1,5/5,5",,"1,5/5,5",,"7,5/23",,"7,5/23","7,5/23","1,85/2,75","1,85/2,75","1,85/2,75","1,85/2,75","3,7/5,5","3,7/5,5","3,7/5,5","3,7/5,5",,"3,7/5,5","3,7/5,5",,"3,7/5,5","3,7/5,5","3,7/5,5","3,7/5,5","3,7/5,5",,,,,,,"7,5/11",,"15/18,5",,"3,7/5,5",,"5,5/7,5",,,"2,6/3,9","2,6/3,9","2,6/3,9",,,"2,6/3,9","2,6/3,9","2,6/3,9",,"2,6/3,9","2,6/3,9","2,6/3,9","2,6/3,9","2,6/3,9","2,6/3,9","2,6/3,9","2,6/3,9",,,6000,6000,6000,6000,6000,6000,12000,12000,12000,12000,12000,12000
,Диаметр расточного инструмента (Соседняя ячейка пустая),мм,Ø25,Ø25,Ø25,Ø40,Ø25,Ø25,Ø40,Ø40,Ø40,Ø40,Ø40,,Ø40,Ø40,Ø40,Ø40,Ø40,Ø40,32,40,40,40,40,40,40,40,40,40,40,40,40,40,40,40,40,40,40,50,40,40,40,40,40,40,40,40,32,32,40,40,40,50,50,50,50,50,50,50,50,16,25,25,32,32,32,32,32,40,40,40,40,40,50,32,,,,,,,,,,,,,,,,,,,,,,,,,,,,,,,,,,,,,,,,,,,,,,,,,,252,32,32,25,32,32,40,40,40,40,40,40,40,40,40,40,40,40,63,,40,50,50,50,50,50,50,50,50,50,50,50,80,80,,80,50,50,50,50,50,50,50,50,50,50,60,60,60,60,60,60,60,60,60,60,60,60,60,32,32,32,32,40,40,40,32,,32,32,,32,32,32,32,25,,,,,,80,80,,,,50,,63,40,40,32,32,32,40,40,32,32,32,40,32,32,32,32,32,32,32,32,50,50,40,40,40,40,40,40,90(130),90(130),90(130),90(130),90(130),90(130)
,Размер призматического инструмента (длина инструмента),мм,□20,□20,□25,□25,□20,□20,□25,□25,□25,□25,□25,,□25,□25,□25,□25,□25,□25,□20,□25,□25,□25,□25,□25,□25,□25,□25,□25,□25,□25,□25,□25,□25,□25,□25,□25,□25,32x25,□25,□25,□25,□25,□25,□25,□25,□25,□25,□25,□25,□25,□25,32х25,32х25,32х25,32х25,32х25,32х25,□32,□32,□16,□20,□20,□25,□25,□25,□25,□25,□25,□25,□25,□25,□25,□32,□20,□32,□32,□32,□32,□50,□50,□50,□50,□50,□50,□40,□40,□40,□40,□25,□32,□32,□32,□32,□32,□32,□32,□32,□40,□40,□40,□40,□50,,,,,□20,□25,□25,□25,□25,□20,□25,□25,□25,□20,□25,□25,□25,□16,□16,□25,□25,,□20,□25,□20,□20,□20,□25,□25,□25,□25,□25,□25,□25,□25,□25,□25,□25,□25,□32,□25,□25,□25,□25,□25,□25,□25,□25,□25,□25,□25,□25,□25,□32,□32,,□32,□25,□25,□25,□25,□25,□25,□25,□25,□25,□25,□32,□32,□32,□32,□32,□32,□32,□32,□32,□32,□32,□32,□32,□20,□20,□20,□20,□25,□25,□25,□20,,□20,□20,,□20,□20,□20,□20,□20,,,,,,□32,□32,,,,□25,,□32,□25,□25,□20,□20,□20,□25,□25,□20,□20,□20,□25,□20,□20,□20,□20,□20,□20,□20,□20,□25,□25,□25,□25,□25,□25,□25,□25,450,450,450,450,450,450
,Габаритные размеры и масса,,,,,,,,,,,,,,,,,,,,,,,,,,,,,,,,,,,,,,,,,,,,,,,,,,,,,,,,,,,,,,,,,,,,,,,,,,,,,,,,,,,,,,,,,,,,,,,,,,,,,,,,,,,,,,,,,,,,,,,,,,,,,,,,,,,,,,,,,,,,,,,,,,,,,,,,,,,,,,,,,,,,,,,,,,,,,,,,,,,,,,,,,,,,,,,,,,,,,,,,,,,,,,,,,,,,,,,,,,,,,,,,,,,,,,,,,,,,,,,,,,,,,,
,Длина,мм,2000,2000,2300,2500,2500,2500,2350,3000,3000,3000,3000,,3000,3500,3000,3500,3900,3000,,,,,,,,,,,,,,,,,,,,,,,,,,,,,,,,,,,,,,,,,,,,,,,,,,,,,,,,,,,,,,,,,,,,,,,,,,,,,,,,,,,,,1700,2000,2000,2200,2200,2700,3100,3500,3800,2200,2700,3100,3500,2200,2700,3100,3500,3000,3000,3200,3500,3500,2170,2900,1690,1940,1940,2925,3024,2925,3024,3380,3380,3380,3380,3630,3630,3630,3630,3920,2085,3400,3200,3360,3470,4171,4171,4171,3506,4170,3480,4170,3586,8715,8715,8715,8715,3220,3600,3220,3600,3600,4120,3600,3600,4320,3600,4841,4841,4933,4933,5951,5951,6043,6043,6235,6235,6455,6455,6235,2000,2000,2000,2000,2360,2360,2360,2360,3660,3660,3660,3660,3660,3660,3815,3845,3670,3920,2085,3400,1855,1855,2922,2922,3685,5683,1545,1545,2000,2000,2120,2970,2150,2970,2970,2190,2970,2220,2970,2970,2970,2970,2970,2280,2960,2960,2210,2960,2960,3255,3715,3255,3715,3375,3805,3345,3805,5165,5165,5165,5165,5165,5165
,Ширина,мм,1450,1450,1650,1650,1650,2600,1850,1950,1900,1900,1950,,1950,1900,1950,1900,1950,1950,,,,,,,,,,,,,,,,,,,,,,,,,,,,,,,,,,,,,,,,,,,,,,,,,,,,,,,,,,,,,,,,,,,,,,,,,,,,,,,,,,,,,1200,1400,1400,1700,1400,1700,2100,2100,2100,1400,1700,2100,2100,1400,1700,2100,2100,2000,2000,2100,2500,4000,1470,1650,1640,1660,1660,1650,1650,1650,1650,1800,1800,1800,1800,1910,1910,1910,1910,2070,2877,3595,2002,2002,2002,2002,2002,2002,2002,2002,2002,2002,2002,3075,3075,3075,3075,1890,1890,1890,1890,1890,1890,1890,1890,1890,1890,2120,2120,2120,2120,2270,2270,2270,2270,2978,2978,2978,2978,2978,1946,1946,1946,1946,3073,3073,3073,3073,2000,2000,2000,2000,2000,2000,2224,2224,2170,2070,2877,3595,2842,2842,4325,4325,3276,3937,2921,2921,3540,3540,1610,1610,1610,1610,1610,1610,1610,1610,1610,1610,1610,1610,1610,1730,1730,1730,1730,1730,1730,1900,2000,1900,2000,2000,2100,2000,2100,3270,3270,3270,3270,3270,3270
,Высота,мм,1700,1700,1780,1700,1700,1950,1950,1950,1950,1950,2250,,2250,1950,1950,1950,2250,2250,,,,,,,,,,,,,,,,,,,,,,,,,,,,,,,,,,,,,,,,,,,,,,,,,,,,,,,,,,,,,,,,,,,,,,,,,,,,,,,,,,,,,,,,,,,,,,,,,,,,,,,,,,4250,1984,1870,1670,1602,1602,1820,1820,1820,1820,1950,1950,1950,1950,1960,1960,1960,1960,2260,3474,3820,1997,1997,1997,1997,1997,1997,1997,1997,1997,1997,1997,2700,2700,2700,2700,1950,1950,1950,1950,1950,1950,1950,1950,1950,1950,2173,2173,2173,2173,2173,2173,2173,2173,2115,2115,2315,2315,2515,2545,2545,2545,2545,2626,2626,2626,2626,2089,2089,2089,2089,2089,2089,2094,2094,2550,2260,3474,3820,2930,2930,3776,3776,4336,5177,2983,2983,3845,3845,1700,1700,1700,1700,1700,1700,1700,1700,1700,1700,1700,1700,1700,1920,1920,1920,1920,1920,1920,1730,1730,1730,1730,1960,1960,1960,1960,2930,2930,2930,2930,2930,2930
,Масса станка,кг,2200,2200,3000,3700,4100,3800,3800,4500,4900,4900,5000,,5400,5200,5000,5400,6000,5400,2600,3400,3500,4200,4200,4400,4400,4600,3400,3500,4200,2600,3400,3500,4200,4200,4400,4400,4600,8000,2600,3400,3500,4200,2600,3400,3500,4200,3800,4200,8500,4300,4800,7500,7600,8000,8100,8800,8900,10000,10100,2600,3500,4200,4200,4400,4400,4600,4300,4800,7500,8000,8800,10000,13000,3000,6300,7500,11000,16000,12500,14500,17500,14500,16500,19500,35000,42000,45000,48000,6000,10000,11000,12000,14000,16000,17000,25000,26000,42000,42000,55000,70000,80000,1500,2700,2800,3300,330,4300,5000,5300,6000,3300,4300,5000,5300,3300,4300,5000,5300,4500,4500,5000,6500,13000,2800,4300,1900,2400,2500,4100,4200,4200,4300,4700,4900,4800,5000,6200,6200,6300,6300,7800,11000,19500,6300,6500,7000,7500,7700,8200,6400,7600,6600,7800,7100,23500,23500,23500,23500,5500,6000,5800,6300,6200,7500,6550,6700,7800,6900,8300,8400,8700,8800,10500,10600,10900,11000,13000,13200,1330,13500,14000,5200,5200,5200,5200,6500,6500,6500,6500,7900,8200,8400,8000,8300,8500,9000,9000,11000,7800,11000,19500,10000,10000,22000,22000,14500,29000,7000,7000,9500,9500,3100,3500,3150,3550,3650,3200,3600,3250,3650,3750,3700,3750,3850,3800,4200,4300,3700,4100,4200,4200,5000,4300,5100,4800,5600,5000,5800,17000,17000,18000,17000,17000,18000
,Прочее,,,,,,,,,,,,,,,,,,,,,,,,,,,,,,,,,,,,,,,,,,,,,,,,,,,,,,,,,,,,,,,,,,,,,,,,,,,,,,,,,,,,,,,,,,,,,,,,,,,,,,,,,,,,,,,,,,,,,,,,,,,,,,,,,,,,,,,,,,,,,,,,,,,,,,,,,,,,,,,,,,,,,,,,,,,,,,,,,,,,,,,,,,,,,,,,,,,,,,,,,,,,,,,,,,,,,,,,,,,,,,,,,,,,,,,,,,,,,,,,,,,,,,
,Общая мощность,КВА,,,,,,,,,,,,,,,,,,,,,,,,,,,,,,,,,,,,,,,,,,,,,,,,,,,,,,,,,,,,,,,,,,,,,,,,,,,,,,,,,,,,,,,,,,,,,,,,,,,,,,,10,15,15,15,35,35,35,35,35,35,35,35,35,35,35,35,35,35,35,,,,17,20,8,13,13,23,23,23,23,27,32,27,32,30,39,30,39,50,36,76,25,27,35,25,27,35,30,30,30,30,38,50,50,51,51,39,39,55,55,39,39,55,52,52,68,32,32,32,32,32,32,32,32,50,50,50,50,50,40,40,40,40,40,40,40,40,43,43,49,53,53,60,46,46,69,50,36,76,29,32,61,70,45,65,24,24,33,37,18,18,18,18,23,18,18,18,18,23,18,18,23,18,18,23,18,18,23,18,18,18,18,22,22,22,28,78,78,78,78,78,78
,Система ЧПУ,,Fanuc 0i-TF / SYNTEC 21TA,Fanuc 0i-TF / SYNTEC 21TA,Fanuc 0i-TF Plus,Fanuc 0i-TF Plus,Fanuc 0i-TF Plus,Fanuc 0i-TF Plus,Fanuc 0i-TF Plus,Fanuc 0i-TF Plus,Fanuc 0i-TF Plus,Fanuc 0i-TF Plus,Fanuc 0i-TF Plus,Fanuc 0i-TF Plus,Fanuc 0i-TF Plus,Fanuc 0i-TF Plus,Fanuc 0i-TF Plus,Fanuc 0i-TF Plus,Fanuc 0i-TF Plus,Fanuc 0i-TF Plus,Neway Fanuc,Neway Fanuc,Neway Fanuc,Neway Fanuc,Neway Fanuc,Neway Fanuc,Neway Fanuc,Neway Fanuc,Neway Fanuc,Neway Fanuc,Neway Fanuc,Neway Fanuc,Neway Fanuc,Neway Fanuc,Neway Fanuc,Neway Fanuc,Neway Fanuc,Neway Fanuc,Neway Fanuc,Neway Fanuc,Neway Fanuc,Neway Fanuc,Neway Fanuc,Neway Fanuc,Neway Fanuc,Neway Fanuc,Neway Fanuc,Neway Fanuc,Neway Fanuc,Neway Fanuc,Neway Fanuc,Neway Fanuc,Neway Fanuc,Neway Fanuc,Neway Fanuc,Neway Fanuc,Neway Fanuc,Neway Fanuc,Neway Fanuc,Neway Fanuc,Neway Fanuc,Neway Fanuc,Neway Fanuc,Neway Fanuc,Neway Fanuc,Neway Fanuc,Neway Fanuc,Neway Fanuc,Neway Fanuc,Neway Fanuc,Neway Fanuc,Neway Fanuc,Neway Fanuc,Neway Fanuc,Neway Fanuc,Neway Fanuc,Neway Fanuc,Neway Fanuc,Neway Fanuc,Neway Fanuc,Neway Fanuc,Neway Fanuc,Neway Fanuc,Neway Fanuc,Neway Fanuc,Neway Fanuc,Neway Fanuc,Neway Fanuc,Neway Fanuc,Neway Fanuc,Neway Fanuc,Neway Fanuc,Neway Fanuc,Neway Fanuc,Neway Fanuc,Neway Fanuc,Neway Fanuc,Neway Fanuc,Neway Fanuc,Neway Fanuc,Neway Fanuc,Neway Fanuc,Neway Fanuc,Neway Fanuc,Syntec,Syntec,Syntec,Syntec,Syntec/Fanuc,Syntec/Fanuc,Syntec/Fanuc,Syntec/Fanuc,Syntec/Fanuc,Syntec/Fanuc,Syntec/Fanuc,Syntec/Fanuc,Syntec/Fanuc,Syntec/Fanuc,Syntec/Fanuc,Syntec/Fanuc,Syntec/Fanuc,Syntec/Fanuc,Syntec/Fanuc,Syntec/Fanuc,Syntec/Fanuc,KND K2000T6C3(I),HYUNDAI WIA FANUC i Series - Smart plus,HYUNDAI WIA FANUC i Series - Smart plus,HYUNDAI WIA FANUC i Series - Smart plus,HYUNDAI WIA FANUC i Series - Smart plus,HYUNDAI WIA FANUC i Series - Smart plus,HYUNDAI WIA FANUC i Series - Smart plus,HYUNDAI WIA FANUC i Series - Smart plus,HYUNDAI WIA FANUC i Series - Smart plus,HYUNDAI WIA FANUC i Series - Smart plus,HYUNDAI WIA FANUC i Series - Smart plus,HYUNDAI WIA FANUC i Series - Smart plus,HYUNDAI WIA FANUC i Series - Smart plus,HYUNDAI WIA FANUC i Series - Smart plus,HYUNDAI WIA FANUC i Series - Smart plus,HYUNDAI WIA FANUC i Series - Smart plus,HYUNDAI WIA FANUC i Series - Smart plus,HYUNDAI WIA FANUC i Series - Smart plus,HYUNDAI WIA FANUC i Series - Smart plus,HYUNDAI WIA FANUC i Series - Smart plus,HYUNDAI WIA FANUC i Series - Smart plus,HYUNDAI WIA FANUC i Series - Smart plus,HYUNDAI WIA FANUC i Series - Smart plus,HYUNDAI WIA FANUC i Series - Smart plus,HYUNDAI WIA FANUC i Series - Smart plus,HYUNDAI WIA FANUC i Series - Smart plus,HYUNDAI WIA FANUC i Series - Smart plus,HYUNDAI WIA FANUC i Series - Smart plus,HYUNDAI WIA FANUC i Series - Smart plus,HYUNDAI WIA FANUC i Series - Smart plus,HYUNDAI WIA FANUC i Series - Smart plus,HYUNDAI WIA FANUC i Series - Smart plus,HYUNDAI WIA FANUC i Series - Smart plus,HYUNDAI WIA FANUC i Series - Smart plus,HYUNDAI WIA FANUC i Series - Smart plus,HYUNDAI WIA FANUC i Series - Smart plus,HYUNDAI WIA FANUC i Series - Smart plus,HYUNDAI WIA FANUC i Series - Smart plus,HYUNDAI WIA FANUC i Series - Smart plus,HYUNDAI WIA FANUC i Series - Smart plus,HYUNDAI WIA FANUC i Series - Smart plus,HYUNDAI WIA FANUC i Series - Smart plus,HYUNDAI WIA FANUC i Series - Smart plus,HYUNDAI WIA FANUC i Series - Smart plus,HYUNDAI WIA FANUC i Series - Smart plus,HYUNDAI WIA FANUC i Series - Smart plus,HYUNDAI WIA FANUC i Series - Smart plus,HYUNDAI WIA FANUC i Series - Smart plus,HYUNDAI WIA FANUC i Series - Smart plus,HYUNDAI WIA FANUC i Series - Smart plus,HYUNDAI WIA FANUC i Series - Smart plus,HYUNDAI WIA FANUC i Series - Smart plus,HYUNDAI WIA FANUC i Series - Smart plus,HYUNDAI WIA FANUC i Series - Smart plus,HYUNDAI WIA FANUC i Series - Smart plus,HYUNDAI WIA FANUC i Series - Smart plus,HYUNDAI WIA FANUC i Series - Smart plus,HYUNDAI WIA FANUC i Series - Smart plus,HYUNDAI WIA FANUC i Series - Smart plus,HYUNDAI WIA FANUC i Series - Smart plus,,HYUNDAI WIA FANUC i Series - Smart plus,HYUNDAI WIA FANUC i Series - Smart plus,HYUNDAI WIA FANUC i Series - Smart plus,HYUNDAI WIA FANUC i Series - Smart plus,HYUNDAI WIA FANUC i Series - Smart plus,HYUNDAI WIA FANUC i Series - Smart plus,FANUC 31i-B Plus,FANUC 31i-B Plus,FANUC 31i-B Plus,FANUC 31i-B Plus,FANUC 31i-B Plus,FANUC 31i-B Plus,FANUC 31i-B Plus,FANUC 31i-B Plus,FANUC 31i-B Plus,H/W FANUC i Series,FANUC 32i-B,FANUC 32i-B,FANUC 32i-B,FANUC 32i-B,FANUC 32i-B,FANUC 32i-B,FANUC 32i-B,FANUC 32i-B,HYUNDAI WIA FANUC i Series - Smart Plus,HYUNDAI WIA FANUC i Series - Smart Plus,HYUNDAI WIA FANUC i Series - Smart Plus,HYUNDAI WIA FANUC i Series - Smart Plus,HYUNDAI WIA FANUC i Series - Smart Plus,HYUNDAI WIA FANUC i Series - Smart Plus,HYUNDAI WIA FANUC i Series - Smart Plus,HYUNDAI WIA FANUC i Series - Smart Plus,HYUNDAI WIA FANUC i Series - Smart Plus,HYUNDAI WIA FANUC i Series - Smart Plus,HYUNDAI WIA FANUC i Series - Smart Plus,HYUNDAI WIA FANUC i Series - Smart Plus,HYUNDAI WIA FANUC i Series - Smart Plus,HYUNDAI WIA FANUC i Series - Smart Plus,HYUNDAI WIA FANUC i Series - Smart Plus,HYUNDAI WIA FANUC i Series - Smart Plus,HYUNDAI WIA FANUC i Series - Smart Plus,HYUNDAI WIA FANUC i Series - Smart Plus,HYUNDAI WIA FANUC i Series - Smart Plus,HYUNDAI WIA FANUC i Series - Smart Plus,HYUNDAI WIA FANUC i Series - Smart Plus,HYUNDAI WIA FANUC i Series - Smart Plus,HYUNDAI WIA FANUC i Series - Smart Plus,HYUNDAI WIA FANUC i Series - Smart Plus,HYUNDAI WIA FANUC i Series - Smart Plus,HYUNDAI WIA FANUC i Series - Smart Plus,HYUNDAI WIA FANUC i Series - Smart Plus,HYUNDAI WIA FANUC i Series - Smart Plus,HYUNDAI WIA FANUC i Series - Smart Plus,HYUNDAI WIA FANUC i Series - Smart Plus,HYUNDAI WIA FANUC i Series - Smart Plus,FANUC 31i-B5 Plus,FANUC 31i-B5 Plus,FANUC 31i-B5 Plus,FANUC 31i-B5 Plus,FANUC 31i-B5 Plus,FANUC 31i-B5 Plus